<xdc.runtime.Types.RtaDecoderData>
  <targetName>ti.targets.elf.C66</targetName>
  <binaryParser>ti.targets.omf.elf.Elf32</binaryParser>
  <endian>little</endian>
  <bitsPerChar>8</bitsPerChar>
  <argSize>4</argSize>
  <eventSize>48</eventSize>
  <dataTransportClassName>undefined</dataTransportClassName>
  <controlTransportClassName>undefined</controlTransportClassName>
  <loggers-length>0</loggers-length>
  <modMap-length>67</modMap-length>
  <modMap key="xdc.runtime.Assert">
    <id>32770</id>
    <logger>null</logger>
    <diagsMask>0000100000000000</diagsMask>
  </modMap>
  <modMap key="xdc.runtime.Core">
    <id>32771</id>
    <logger>null</logger>
    <diagsMask>0000100000000000</diagsMask>
  </modMap>
  <modMap key="xdc.runtime.Defaults">
    <id>32772</id>
    <logger>null</logger>
    <diagsMask>0000110000000000</diagsMask>
  </modMap>
  <modMap key="xdc.runtime.Diags">
    <id>32773</id>
    <logger>null</logger>
    <diagsMask>0000100000000000</diagsMask>
  </modMap>
  <modMap key="xdc.runtime.Error">
    <id>32774</id>
    <logger>null</logger>
    <diagsMask>0000110000000000</diagsMask>
  </modMap>
  <modMap key="xdc.runtime.Gate">
    <id>32775</id>
    <logger>null</logger>
    <diagsMask>0000100000000000</diagsMask>
  </modMap>
  <modMap key="xdc.runtime.GateNull">
    <id>32776</id>
    <logger>null</logger>
    <diagsMask>0000100000000000</diagsMask>
  </modMap>
  <modMap key="xdc.runtime.Log">
    <id>32777</id>
    <logger>null</logger>
    <diagsMask>0000100000000000</diagsMask>
  </modMap>
  <modMap key="xdc.runtime.Main">
    <id>32778</id>
    <logger>null</logger>
    <diagsMask>0000110000000000</diagsMask>
  </modMap>
  <modMap key="xdc.runtime.Memory">
    <id>32779</id>
    <logger>null</logger>
    <diagsMask>0000100000000000</diagsMask>
  </modMap>
  <modMap key="xdc.runtime.Registry">
    <id>32780</id>
    <logger>null</logger>
    <diagsMask>0000110000000000</diagsMask>
  </modMap>
  <modMap key="xdc.runtime.Startup">
    <id>32781</id>
    <logger>null</logger>
    <diagsMask>0000100000000000</diagsMask>
  </modMap>
  <modMap key="xdc.runtime.System">
    <id>32782</id>
    <logger>null</logger>
    <diagsMask>0000100000000000</diagsMask>
  </modMap>
  <modMap key="xdc.runtime.SysStd">
    <id>32783</id>
    <logger>null</logger>
    <diagsMask>0000100000000000</diagsMask>
  </modMap>
  <modMap key="xdc.runtime.Text">
    <id>32784</id>
    <logger>null</logger>
    <diagsMask>0000100000000000</diagsMask>
  </modMap>
  <modMap key="ti.sysbios.family.c64p.EventCombiner">
    <id>32788</id>
    <logger>null</logger>
    <diagsMask>0000110000000000</diagsMask>
  </modMap>
  <modMap key="ti.sysbios.family.c64p.Exception">
    <id>32789</id>
    <logger>null</logger>
    <diagsMask>0000110010000000</diagsMask>
  </modMap>
  <modMap key="ti.sysbios.family.c64p.Hwi">
    <id>32790</id>
    <logger>null</logger>
    <diagsMask>0000110000000000</diagsMask>
  </modMap>
  <modMap key="ti.sysbios.BIOS">
    <id>32791</id>
    <logger>null</logger>
    <diagsMask>0000110000000000</diagsMask>
  </modMap>
  <modMap key="ti.sysbios.family.c66.tci66xx.CpIntc">
    <id>32794</id>
    <logger>null</logger>
    <diagsMask>0000110000000000</diagsMask>
  </modMap>
  <modMap key="ti.sysbios.knl.Clock">
    <id>32796</id>
    <logger>null</logger>
    <diagsMask>0000110000000000</diagsMask>
  </modMap>
  <modMap key="ti.sysbios.knl.Idle">
    <id>32797</id>
    <logger>null</logger>
    <diagsMask>0000110000000000</diagsMask>
  </modMap>
  <modMap key="ti.sysbios.knl.Intrinsics">
    <id>32798</id>
    <logger>null</logger>
    <diagsMask>0000110000000000</diagsMask>
  </modMap>
  <modMap key="ti.sysbios.knl.Queue">
    <id>32799</id>
    <logger>null</logger>
    <diagsMask>0000110000000000</diagsMask>
  </modMap>
  <modMap key="ti.sysbios.knl.Semaphore">
    <id>32800</id>
    <logger>null</logger>
    <diagsMask>0000110000000000</diagsMask>
  </modMap>
  <modMap key="ti.sysbios.knl.Swi">
    <id>32801</id>
    <logger>null</logger>
    <diagsMask>0000110000000000</diagsMask>
  </modMap>
  <modMap key="ti.sysbios.knl.Task">
    <id>32802</id>
    <logger>null</logger>
    <diagsMask>0000110000000000</diagsMask>
  </modMap>
  <modMap key="ti.sysbios.heaps.HeapBuf">
    <id>32804</id>
    <logger>null</logger>
    <diagsMask>0000110000000000</diagsMask>
  </modMap>
  <modMap key="ti.sysbios.heaps.HeapMem">
    <id>32805</id>
    <logger>null</logger>
    <diagsMask>0000110000000000</diagsMask>
  </modMap>
  <modMap key="ti.csl.Settings">
    <id>32807</id>
    <logger>null</logger>
    <diagsMask>0000110000000000</diagsMask>
  </modMap>
  <modMap key="ti.sysbios.gates.GateHwi">
    <id>32809</id>
    <logger>null</logger>
    <diagsMask>0000110000000000</diagsMask>
  </modMap>
  <modMap key="ti.sysbios.gates.GateAll">
    <id>32810</id>
    <logger>null</logger>
    <diagsMask>0000110000000000</diagsMask>
  </modMap>
  <modMap key="ti.sysbios.gates.GateSwi">
    <id>32811</id>
    <logger>null</logger>
    <diagsMask>0000110000000000</diagsMask>
  </modMap>
  <modMap key="ti.sysbios.gates.GateMutexPri">
    <id>32812</id>
    <logger>null</logger>
    <diagsMask>0000110000000000</diagsMask>
  </modMap>
  <modMap key="ti.sysbios.gates.GateMutex">
    <id>32813</id>
    <logger>null</logger>
    <diagsMask>0000110000000000</diagsMask>
  </modMap>
  <modMap key="xdc.runtime.knl.GateThread">
    <id>32815</id>
    <logger>null</logger>
    <diagsMask>0000110000000000</diagsMask>
  </modMap>
  <modMap key="ti.sdo.utils.NameServer">
    <id>32818</id>
    <logger>null</logger>
    <diagsMask>0000110000000000</diagsMask>
  </modMap>
  <modMap key="ti.sdo.utils.NameServerRemoteNull">
    <id>32819</id>
    <logger>null</logger>
    <diagsMask>0000110000000000</diagsMask>
  </modMap>
  <modMap key="ti.sdo.utils.MultiProc">
    <id>32820</id>
    <logger>null</logger>
    <diagsMask>0000110000000000</diagsMask>
  </modMap>
  <modMap key="ti.sdo.utils.List">
    <id>32821</id>
    <logger>null</logger>
    <diagsMask>0000110000000000</diagsMask>
  </modMap>
  <modMap key="ti.sysbios.syncs.SyncSem">
    <id>32823</id>
    <logger>null</logger>
    <diagsMask>0000110000000000</diagsMask>
  </modMap>
  <modMap key="ti.sdo.ipc.GateMP">
    <id>32825</id>
    <logger>null</logger>
    <diagsMask>0000110000000000</diagsMask>
  </modMap>
  <modMap key="ti.sdo.ipc.MessageQ">
    <id>32826</id>
    <logger>null</logger>
    <diagsMask>0000110000000000</diagsMask>
  </modMap>
  <modMap key="ti.sdo.ipc.SharedRegion">
    <id>32827</id>
    <logger>null</logger>
    <diagsMask>0000110000000000</diagsMask>
  </modMap>
  <modMap key="ti.sdo.ipc.ListMP">
    <id>32828</id>
    <logger>null</logger>
    <diagsMask>0000110000000000</diagsMask>
  </modMap>
  <modMap key="ti.sdo.ipc.Ipc">
    <id>32829</id>
    <logger>null</logger>
    <diagsMask>0000110000000000</diagsMask>
  </modMap>
  <modMap key="ti.sdo.ipc.Notify">
    <id>32830</id>
    <logger>null</logger>
    <diagsMask>0000110000000000</diagsMask>
  </modMap>
  <modMap key="ti.sdo.ipc.heaps.HeapMemMP">
    <id>32832</id>
    <logger>null</logger>
    <diagsMask>0000110000000000</diagsMask>
  </modMap>
  <modMap key="ti.sysbios.hal.Cache">
    <id>32834</id>
    <logger>null</logger>
    <diagsMask>0000110000000000</diagsMask>
  </modMap>
  <modMap key="ti.sysbios.hal.Hwi">
    <id>32835</id>
    <logger>null</logger>
    <diagsMask>0000110000000000</diagsMask>
  </modMap>
  <modMap key="ti.sysbios.family.c66.Cache">
    <id>32836</id>
    <logger>null</logger>
    <diagsMask>0000110000000000</diagsMask>
  </modMap>
  <modMap key="ti.sysbios.rts.ti.ThreadLocalStorage">
    <id>32839</id>
    <logger>null</logger>
    <diagsMask>0000110000000000</diagsMask>
  </modMap>
  <modMap key="ti.sysbios.family.c62.TaskSupport">
    <id>32841</id>
    <logger>null</logger>
    <diagsMask>0000110000000000</diagsMask>
  </modMap>
  <modMap key="ti.sysbios.family.c62.IntrinsicsSupport">
    <id>32842</id>
    <logger>null</logger>
    <diagsMask>0000110000000000</diagsMask>
  </modMap>
  <modMap key="ti.sysbios.xdcruntime.GateThreadSupport">
    <id>32844</id>
    <logger>null</logger>
    <diagsMask>0000110000000000</diagsMask>
  </modMap>
  <modMap key="ti.sdo.ipc.notifyDrivers.NotifyDriverShm">
    <id>32846</id>
    <logger>null</logger>
    <diagsMask>0000110000000000</diagsMask>
  </modMap>
  <modMap key="ti.sdo.ipc.family.c647x.Interrupt">
    <id>32849</id>
    <logger>null</logger>
    <diagsMask>0000110000000000</diagsMask>
  </modMap>
  <modMap key="ti.sdo.ipc.family.c647x.MultiProcSetup">
    <id>32850</id>
    <logger>null</logger>
    <diagsMask>0000110000000000</diagsMask>
  </modMap>
  <modMap key="ti.sdo.ipc.family.c647x.NotifySetup">
    <id>32851</id>
    <logger>null</logger>
    <diagsMask>0000110000000000</diagsMask>
  </modMap>
  <modMap key="ti.sdo.ipc.transports.TransportShm">
    <id>32853</id>
    <logger>null</logger>
    <diagsMask>0000110000000000</diagsMask>
  </modMap>
  <modMap key="ti.sdo.ipc.transports.TransportShmSetup">
    <id>32854</id>
    <logger>null</logger>
    <diagsMask>0000110000000000</diagsMask>
  </modMap>
  <modMap key="ti.sdo.ipc.nsremote.NameServerRemoteNotify">
    <id>32856</id>
    <logger>null</logger>
    <diagsMask>0000110000000000</diagsMask>
  </modMap>
  <modMap key="ti.sdo.ipc.gates.GateHWSem">
    <id>32858</id>
    <logger>null</logger>
    <diagsMask>0000110000000000</diagsMask>
  </modMap>
  <modMap key="ti.sdo.ipc.gates.GatePeterson">
    <id>32859</id>
    <logger>null</logger>
    <diagsMask>0000110000000000</diagsMask>
  </modMap>
  <modMap key="ti.sdo.ipc.gates.GateMPSupportNull">
    <id>32860</id>
    <logger>null</logger>
    <diagsMask>0000110000000000</diagsMask>
  </modMap>
  <modMap key="ti.sysbios.timers.timer64.Timer">
    <id>32863</id>
    <logger>null</logger>
    <diagsMask>0000110000000000</diagsMask>
  </modMap>
  <modMap key="ti.sysbios.family.c64p.tci6488.TimerSupport">
    <id>32865</id>
    <logger>null</logger>
    <diagsMask>0000110000000000</diagsMask>
  </modMap>
  <evtMap-length>45</evtMap-length>
  <evtMap key="xdc.runtime.Log.L_construct">
    <id>8845</id>
    <msg>%3C--+construct%3A+%25p%28%27%25s%27%29</msg>
  </evtMap>
  <evtMap key="xdc.runtime.Log.L_create">
    <id>8869</id>
    <msg>%3C--+create%3A+%25p%28%27%25s%27%29</msg>
  </evtMap>
  <evtMap key="xdc.runtime.Log.L_destruct">
    <id>8890</id>
    <msg>--%3E+destruct%3A+%28%25p%29</msg>
  </evtMap>
  <evtMap key="xdc.runtime.Log.L_delete">
    <id>8909</id>
    <msg>--%3E+delete%3A+%28%25p%29</msg>
  </evtMap>
  <evtMap key="xdc.runtime.Log.L_error">
    <id>8926</id>
    <msg>ERROR%3A+%25%24F%25%24S</msg>
  </evtMap>
  <evtMap key="xdc.runtime.Log.L_warning">
    <id>8940</id>
    <msg>WARNING%3A+%25%24F%25%24S</msg>
  </evtMap>
  <evtMap key="xdc.runtime.Log.L_info">
    <id>8956</id>
    <msg>%25%24F%25%24S</msg>
  </evtMap>
  <evtMap key="xdc.runtime.Log.L_start">
    <id>8963</id>
    <msg>Start%3A+%25%24S</msg>
  </evtMap>
  <evtMap key="xdc.runtime.Log.L_stop">
    <id>8974</id>
    <msg>Stop%3A+%25%24S</msg>
  </evtMap>
  <evtMap key="xdc.runtime.Log.L_startInstance">
    <id>8984</id>
    <msg>StartInstance%3A+%25%24S</msg>
  </evtMap>
  <evtMap key="xdc.runtime.Log.L_stopInstance">
    <id>9003</id>
    <msg>StopInstance%3A+%25%24S</msg>
  </evtMap>
  <evtMap key="ti.sysbios.family.c64p.Hwi.LM_begin">
    <id>9021</id>
    <msg>LM_begin%3A+hwi%3A+0x%25x%2C+func%3A+0x%25x%2C+preThread%3A+%25d%2C+intNum%3A+%25d%2C+irp%3A+0x%25x</msg>
  </evtMap>
  <evtMap key="ti.sysbios.family.c64p.Hwi.LD_end">
    <id>9091</id>
    <msg>LD_end%3A+hwi%3A+0x%25x</msg>
  </evtMap>
  <evtMap key="ti.sysbios.knl.Clock.LW_delayed">
    <id>9109</id>
    <msg>LW_delayed%3A+delay%3A+%25d</msg>
  </evtMap>
  <evtMap key="ti.sysbios.knl.Clock.LM_tick">
    <id>9131</id>
    <msg>LM_tick%3A+tick%3A+%25d</msg>
  </evtMap>
  <evtMap key="ti.sysbios.knl.Clock.LM_begin">
    <id>9149</id>
    <msg>LM_begin%3A+clk%3A+0x%25x%2C+func%3A+0x%25x</msg>
  </evtMap>
  <evtMap key="ti.sysbios.knl.Semaphore.LM_post">
    <id>9181</id>
    <msg>LM_post%3A+sem%3A+0x%25x%2C+count%3A+%25d</msg>
  </evtMap>
  <evtMap key="ti.sysbios.knl.Semaphore.LM_pend">
    <id>9211</id>
    <msg>LM_pend%3A+sem%3A+0x%25x%2C+count%3A+%25d%2C+timeout%3A+%25d</msg>
  </evtMap>
  <evtMap key="ti.sysbios.knl.Swi.LM_begin">
    <id>9254</id>
    <msg>LM_begin%3A+swi%3A+0x%25x%2C+func%3A+0x%25x%2C+preThread%3A+%25d</msg>
  </evtMap>
  <evtMap key="ti.sysbios.knl.Swi.LD_end">
    <id>9301</id>
    <msg>LD_end%3A+swi%3A+0x%25x</msg>
  </evtMap>
  <evtMap key="ti.sysbios.knl.Swi.LM_post">
    <id>9319</id>
    <msg>LM_post%3A+swi%3A+0x%25x%2C+func%3A+0x%25x%2C+pri%3A+%25d</msg>
  </evtMap>
  <evtMap key="ti.sysbios.knl.Task.LM_switch">
    <id>9359</id>
    <msg>LM_switch%3A+oldtsk%3A+0x%25x%2C+oldfunc%3A+0x%25x%2C+newtsk%3A+0x%25x%2C+newfunc%3A+0x%25x</msg>
  </evtMap>
  <evtMap key="ti.sysbios.knl.Task.LM_sleep">
    <id>9427</id>
    <msg>LM_sleep%3A+tsk%3A+0x%25x%2C+func%3A+0x%25x%2C+timeout%3A+%25d</msg>
  </evtMap>
  <evtMap key="ti.sysbios.knl.Task.LD_ready">
    <id>9472</id>
    <msg>LD_ready%3A+tsk%3A+0x%25x%2C+func%3A+0x%25x%2C+pri%3A+%25d</msg>
  </evtMap>
  <evtMap key="ti.sysbios.knl.Task.LD_block">
    <id>9513</id>
    <msg>LD_block%3A+tsk%3A+0x%25x%2C+func%3A+0x%25x</msg>
  </evtMap>
  <evtMap key="ti.sysbios.knl.Task.LM_yield">
    <id>9545</id>
    <msg>LM_yield%3A+tsk%3A+0x%25x%2C+func%3A+0x%25x%2C+currThread%3A+%25d</msg>
  </evtMap>
  <evtMap key="ti.sysbios.knl.Task.LM_setPri">
    <id>9593</id>
    <msg>LM_setPri%3A+tsk%3A+0x%25x%2C+func%3A+0x%25x%2C+oldPri%3A+%25d%2C+newPri+%25d</msg>
  </evtMap>
  <evtMap key="ti.sysbios.knl.Task.LD_exit">
    <id>9649</id>
    <msg>LD_exit%3A+tsk%3A+0x%25x%2C+func%3A+0x%25x</msg>
  </evtMap>
  <evtMap key="ti.sysbios.knl.Task.LM_setAffinity">
    <id>9680</id>
    <msg>LM_setAffinity%3A+tsk%3A+0x%25x%2C+func%3A+0x%25x%2C+oldCore%3A+%25d%2C+oldAffinity+%25d%2C+newAffinity+%25d</msg>
  </evtMap>
  <evtMap key="ti.sysbios.knl.Task.LM_schedule">
    <id>9763</id>
    <msg>LD_schedule%3A+coreId%3A+%25d%2C+workFlag%3A+%25d%2C+curSetLocal%3A+%25d%2C+curSetX%3A+%25d%2C+curMaskLocal%3A+%25d</msg>
  </evtMap>
  <evtMap key="ti.sysbios.knl.Task.LM_noWork">
    <id>9849</id>
    <msg>LD_noWork%3A+coreId%3A+%25d%2C+curSetLocal%3A+%25d%2C+curSetX%3A+%25d%2C+curMaskLocal%3A+%25d</msg>
  </evtMap>
  <evtMap key="ti.sdo.ipc.GateMP.LM_enter">
    <id>9919</id>
    <msg>LM_enter%3A+Gate+%28remoteGate+%3D+%25d%2C+resourceId+%3D+%25d%29+entered%2C+returning+key+%3D+%25d</msg>
  </evtMap>
  <evtMap key="ti.sdo.ipc.GateMP.LM_leave">
    <id>9997</id>
    <msg>LM_leave%3A+Gate+%28remoteGate+%3D+%25d%2C+resourceId+%3D+%25d%29+left+using+key+%3D+%25d</msg>
  </evtMap>
  <evtMap key="ti.sdo.ipc.GateMP.LM_create">
    <id>10067</id>
    <msg>LM_create%3A+Gate+%28remoteGate+%3D+%25d%2C+resourceId+%3D+%25d%29+created</msg>
  </evtMap>
  <evtMap key="ti.sdo.ipc.GateMP.LM_open">
    <id>10126</id>
    <msg>LM_open%3A+Remote+gate+%28remoteGate+%3D+%25d%2C+resourceId+%3D+%25d%29+opened</msg>
  </evtMap>
  <evtMap key="ti.sdo.ipc.GateMP.LM_delete">
    <id>10189</id>
    <msg>LM_delete%3A+Gate+%28remoteGate+%3D+%25d%2C+resourceId+%3D+%25d%29+deleted</msg>
  </evtMap>
  <evtMap key="ti.sdo.ipc.GateMP.LM_close">
    <id>10248</id>
    <msg>LM_close%3A+Gate+%28remoteGate+%3D+%25d%2C+resourceId+%3D+%25d%29+closed</msg>
  </evtMap>
  <evtMap key="ti.sdo.ipc.MessageQ.LM_setTrace">
    <id>10305</id>
    <msg>LM_setTrace%3A+Message+0x%25x+%28seqNum+%3D+%25d%2C+srcProc+%3D+%25d%29+traceFlag+%3D+%25d</msg>
  </evtMap>
  <evtMap key="ti.sdo.ipc.MessageQ.LM_alloc">
    <id>10374</id>
    <msg>LM_alloc%3A+Message+0x%25x+%28seqNum+%3D+%25d%2C+srcProc+%3D+%25d%29+was+allocated</msg>
  </evtMap>
  <evtMap key="ti.sdo.ipc.MessageQ.LM_staticMsgInit">
    <id>10439</id>
    <msg>LM_staticMsgInit%3A+Message+0x%25x+%28seqNum+%3D+%25d%2C+srcProc+%3D+%25d%29+was+set+in+MessageQ_staticMsgInit</msg>
  </evtMap>
  <evtMap key="ti.sdo.ipc.MessageQ.LM_free">
    <id>10532</id>
    <msg>LM_free%3A+Message+0x%25x+%28seqNum+%3D+%25d%2C+srcProc+%3D+%25d%29+was+freed</msg>
  </evtMap>
  <evtMap key="ti.sdo.ipc.MessageQ.LM_putLocal">
    <id>10592</id>
    <msg>LM_putLocal%3A+Message+0x%25x+%28seqNum+%3D+%25d%2C+srcProc+%3D+%25d%29+was+placed+onto+queue+0x%25x</msg>
  </evtMap>
  <evtMap key="ti.sdo.ipc.MessageQ.LM_putRemote">
    <id>10673</id>
    <msg>LM_putRemote%3A+Message+0x%25x+%28seqNum+%3D+%25d%2C+srcProc+%3D+%25d%29+was+given+to+processor+%25d+transport</msg>
  </evtMap>
  <evtMap key="ti.sdo.ipc.MessageQ.LM_rcvByTransport">
    <id>10764</id>
    <msg>LM_rcvByTransport%3A+Message+0x%25x+%28seqNum+%3D+%25d%2C+srcProc+%3D+%25d%29+was+received</msg>
  </evtMap>
  <evtMap key="ti.sdo.ipc.MessageQ.LM_get">
    <id>10837</id>
    <msg>LM_get%3A+Message+0x%25x+%28seqNum+%3D+%25d%2C+srcProc+%3D+%25d%29+was+received+by+queue+0x%25x</msg>
  </evtMap>
</xdc.runtime.Types.RtaDecoderData>
