<?xml version="1.0" encoding="windows-1252"?>
<!--  This file conforms to the DTD xdc/bld/build.dtd -->
<package name="configPkg" version="" producerId="undefined">
    <units>
    </units>
    <sources>
        <srcFile name="package/cfg/uart_test_pe66.c"/>
    </sources>
    <configscripts>
        <srcFile name="C:/ti/pdk_c667x_2_0_16/packages/ti/drv/uart/test/c6678/c66/bios/uart_test.cfg"/>
    </configscripts>
    <makefiles>
        <srcFile name="package.mak" src="package.bld"/>
        <srcFile name="package/package.xdc.dep" src="package.xdc"/>
        <srcFile name="package/cfg/uart_test_pe66.mak" src="package.bld"/>
        <srcFile name="package/cfg/uart_test_pe66.oe66.dep" src="package/cfg/uart_test_pe66.c"/>
        <srcFile name="package/cfg/uart_test_pe66.dep" src="package/cfg/uart_test_pe66.cfg"/>
        <srcFile name="package/cfg/uart_test.xe66.mak" src="package.bld"/>
        <srcFile name="package/rel/configPkg.tar.dep" src="package/rel/configPkg.xdc.inc"/>
    </makefiles>
    <targets>
        <target name="ti.targets.elf.C66"
            version="ti.targets.elf.C66{1,0,8.3,5"
            rawVersion="8.3.5"
            platform="ti.platforms.simTCI6616"
            isa="66"
            suffix="e66"
            rootDir="C:/ti/ccs930/ccs/tools/compiler/ti-cgt-c6000_8.3.5"
            os="undefined"
            rts="ti.targets.rts6000">
            <model endian="little"
                codeModel="undefined"
                dataModel="undefined"/>
        </target>
    </targets>
    <libraries>
    </libraries>
    <configurations>
    <configuration name="uart_test"
        pname="uart_test.pe66"
        target="ti.targets.elf.C66"
        platform="ti.platforms.evm6678"
        profile="debug"
        isPartial="false"
        xCfgScript="package/cfg/uart_test_pe66.cfg"
        xCfgPrefix="package/cfg/uart_test_pe66"
        cfgScript="C:/ti/pdk_c667x_2_0_16/packages/ti/drv/uart/test/c6678/c66/bios/uart_test.cfg"
        cfgArgs="null"
        />
    </configurations>
    <executables>
    <executable name="uart_test"
        pname="uart_test.xe66"
        target="ti.targets.elf.C66"
        platform="ti.platforms.evm6678"
        profile="debug"
        xCfgScript="package/cfg/uart_test_pe66.cfg"
        xCfgPrefix="package/cfg/uart_test_pe66"
        cfgScript="C:/ti/pdk_c667x_2_0_16/packages/ti/drv/uart/test/c6678/c66/bios/uart_test.cfg"
        cfgArgs="null"
        />
    </executables>
    <tests>
    <test exeName="uart_test.xe66"
        args=""
        groupName="uart_test.xe66"
        refOutput="undefined"
        refExitCode="0"
        execArgs=""
        />
    </tests>
    <releases relDir="package/rel/">
    <release name="configPkg"
        pname="configPkg.tar"
        label="default"
    >
        <file name="package/package.bld.xml"/>
        <file name="package/build.cfg"/>
        <file name="package/package.xdc.inc"/>
    </release>
    </releases>
    <repositories>
    </repositories>
</package>
